Title,Media URL,Pinterest board,Thumbnail,Description,Link,Publish date,Keywords
Galette frangipane,https://i.postimg.cc/ZKBpPt9J/1.png,dessert,,"Savourez la galette des rois à la frangipane, un dessert traditionnel français à la pâte feuilletée et à la crème d’amande.",https://www.smore.com/app/reporting/button/9uj?u=https://www.smore.com/app/reporting/button/6o?u=https://www.smore.com/app/reporting/button/ff9%3Fu%3Dhttps%253A%252F%252Frovakem.com%252Fgalette-frangipane%26t%3DVisitArticlew%3Dw-978891371486%26i%3D%26l%3D&t=OpenArticle&w=w-250551047083&i=&l=,2025-04-06T16:00:00,"galette frangipane, galette des rois, galette maison, recette frangipane"
Galette des rois,https://i.postimg.cc/zvLbkKGx/10.png,dessert,,"Découvrez la recette facile de la galette frangipane maison, un délice à partager pour les fêtes.",https://www.smore.com/app/reporting/button/5hz?u=https://www.smore.com/app/reporting/button/sj?u=https://www.smore.com/app/reporting/button/2u1%3Fu%3Dhttps%253A%252F%252Frovakem.com%252Fgalette-frangipane%26t%3DVisitArticlew%3Dw-298225694949%26i%3D%26l%3D&t=OpenArticle&w=w-932135952274&i=&l=,2025-04-07T16:00:00,
Frangipane maison,https://i.postimg.cc/XqTZ1qZ4/11.png,dessert,,"Une galette frangipane délicieusement crémeuse et légère, parfaite pour vos repas festifs.",https://www.smore.com/app/reporting/button/ho7?u=https://www.smore.com/app/reporting/button/28?u=https://www.smore.com/app/reporting/button/7x%3Fu%3Dhttps%253A%252F%252Frovakem.com%252Fgalette-frangipane%26t%3DVisitArticlew%3Dw-552408113149%26i%3D%26l%3D&t=OpenArticle&w=w-604987663340&i=&l=,2025-04-08T16:00:00,
Galette gourmande,https://i.postimg.cc/9XSqQ8LK/12.png,dessert,,"Apprenez à préparer la galette des rois à la frangipane, un incontournable des traditions françaises.",https://www.smore.com/app/reporting/button/g8l?u=https://www.smore.com/app/reporting/button/901?u=https://www.smore.com/app/reporting/button/e5%3Fu%3Dhttps%253A%252F%252Frovakem.com%252Fgalette-frangipane%26t%3DVisitArticlew%3Dw-168362483262%26i%3D%26l%3D&t=OpenArticle&w=w-814146436900&i=&l=,2025-04-09T16:00:00,
Galette sucrée,https://i.postimg.cc/yYZ3gm5d/13.png,dessert,,"La recette de la galette frangipane à la pâte feuilletée, une douceur incontournable pour célébrer l’Épiphanie.",https://www.smore.com/app/reporting/button/m4?u=https://www.smore.com/app/reporting/button/75?u=https://www.smore.com/app/reporting/button/60l%3Fu%3Dhttps%253A%252F%252Frovakem.com%252Fgalette-frangipane%26t%3DVisitArticlew%3Dw-853383017140%26i%3D%26l%3D&t=OpenArticle&w=w-436725593976&i=&l=,2025-04-10T16:00:00,
Galette délicieuse,https://i.postimg.cc/vZwgW1Fv/14.png,dessert,,"Cuisinez une galette à la frangipane maison, avec une pâte légère et une garniture fondante à l’amande.",https://www.smore.com/app/reporting/button/7a?u=https://www.smore.com/app/reporting/button/j1?u=https://www.smore.com/app/reporting/button/azq%3Fu%3Dhttps%253A%252F%252Frovakem.com%252Fgalette-frangipane%26t%3DVisitArticlew%3Dw-289766200102%26i%3D%26l%3D&t=OpenArticle&w=w-162064738540&i=&l=,2025-04-11T16:00:00,
Galette facile,https://i.postimg.cc/8zdFw1Tg/15.png,dessert,,"Faites-vous plaisir avec cette galette frangipane à la fois simple et gourmande, idéale pour un goûter festif.",https://www.smore.com/app/reporting/button/27?u=https://www.smore.com/app/reporting/button/g6t?u=https://www.smore.com/app/reporting/button/1n%3Fu%3Dhttps%253A%252F%252Frovakem.com%252Fgalette-frangipane%26t%3DVisitArticlew%3Dw-981389788049%26i%3D%26l%3D&t=OpenArticle&w=w-769664748208&i=&l=,2025-04-12T16:00:00,
Dessert frangipane,https://i.postimg.cc/KYZ1HdYk/16.png,dessert,,La galette des rois à la frangipane est un dessert classique qui ravira vos invités grâce à sa crème d’amande.,https://www.smore.com/app/reporting/button/5i?u=https://www.smore.com/app/reporting/button/aro?u=https://www.smore.com/app/reporting/button/3v%3Fu%3Dhttps%253A%252F%252Frovakem.com%252Fgalette-frangipane%26t%3DVisitArticlew%3Dw-187879351194%26i%3D%26l%3D&t=OpenArticle&w=w-194389353937&i=&l=,2025-04-13T16:00:00,
Galette traditionnelle,https://i.postimg.cc/jjZD0ZW8/17.png,dessert,,"Une galette frangipane maison, avec une garniture onctueuse et parfumée, pour un dessert raffiné.",https://www.smore.com/app/reporting/button/4i?u=https://www.smore.com/app/reporting/button/q2?u=https://www.smore.com/app/reporting/button/15i%3Fu%3Dhttps%253A%252F%252Frovakem.com%252Fgalette-frangipane%26t%3DVisitArticlew%3Dw-678377294524%26i%3D%26l%3D&t=OpenArticle&w=w-551257523397&i=&l=,2025-04-14T16:00:00,
Galette à la frangipane,https://i.postimg.cc/tTc77JNW/18.png,dessert,,"Une galette à la frangipane traditionnelle, faite maison avec amour pour un moment de gourmandise.",https://www.smore.com/app/reporting/button/8n?u=https://www.smore.com/app/reporting/button/od0?u=https://www.smore.com/app/reporting/button/83%3Fu%3Dhttps%253A%252F%252Frovakem.com%252Fgalette-frangipane%26t%3DVisitArticlew%3Dw-610344747744%26i%3D%26l%3D&t=OpenArticle&w=w-123983327228&i=&l=,2025-04-15T16:00:00,
Galette festive,https://i.postimg.cc/QtCHX11j/19.png,dessert,,"Cette galette frangipane est parfaite pour célébrer l’Épiphanie, avec sa pâte feuilletée légère et sa crème d’amande.",https://www.smore.com/app/reporting/button/96?u=https://www.smore.com/app/reporting/button/359?u=https://www.smore.com/app/reporting/button/8o%3Fu%3Dhttps%253A%252F%252Frovakem.com%252Fgalette-frangipane%26t%3DVisitArticlew%3Dw-388087688358%26i%3D%26l%3D&t=OpenArticle&w=w-832361487071&i=&l=,2025-04-16T16:00:00,
Galette royale,https://i.postimg.cc/h43V7PtC/2.png,dessert,,"Offrez à vos invités une galette des rois à la frangipane, une recette savoureuse et traditionnelle.",https://www.smore.com/app/reporting/button/94?u=https://www.smore.com/app/reporting/button/26?u=https://www.smore.com/app/reporting/button/06s%3Fu%3Dhttps%253A%252F%252Frovakem.com%252Fgalette-frangipane%26t%3DVisitArticlew%3Dw-885340938221%26i%3D%26l%3D&t=OpenArticle&w=w-357617928016&i=&l=,2025-04-17T16:00:00,
Galette au four,https://i.postimg.cc/VvbvtwKT/20.png,dessert,,"La galette frangipane maison est facile à réaliser, et son goût d’amande en fait un délice à ne pas manquer.",https://www.smore.com/app/reporting/button/90?u=https://www.smore.com/app/reporting/button/gz?u=https://www.smore.com/app/reporting/button/a6%3Fu%3Dhttps%253A%252F%252Frovakem.com%252Fgalette-frangipane%26t%3DVisitArticlew%3Dw-442434711654%26i%3D%26l%3D&t=OpenArticle&w=w-396332008990&i=&l=,2025-04-18T16:00:00,
Galette crémeuse,https://i.postimg.cc/s1dX9L82/21.png,dessert,,"Une galette à la frangipane crémeuse et fondante, un dessert français par excellence pour vos occasions spéciales.",https://www.smore.com/app/reporting/button/6s0?u=https://www.smore.com/app/reporting/button/d4?u=https://www.smore.com/app/reporting/button/14%3Fu%3Dhttps%253A%252F%252Frovakem.com%252Fgalette-frangipane%26t%3DVisitArticlew%3Dw-197595747205%26i%3D%26l%3D&t=OpenArticle&w=w-924597875910&i=&l=,2025-04-19T16:00:00,
Frangipane sucrée,https://i.postimg.cc/1RgrBN2x/22.png,dessert,,Préparez une galette frangipane maison qui ravira les papilles avec sa garniture sucrée et parfumée.,https://www.smore.com/app/reporting/button/47?u=https://www.smore.com/app/reporting/button/40v?u=https://www.smore.com/app/reporting/button/ibd%3Fu%3Dhttps%253A%252F%252Frovakem.com%252Fgalette-frangipane%26t%3DVisitArticlew%3Dw-538976829431%26i%3D%26l%3D&t=OpenArticle&w=w-394344465265&i=&l=,2025-04-20T16:00:00,
Galette maison,https://i.postimg.cc/ZY1FM5zW/23.png,dessert,,"La galette des rois à la frangipane, une recette classique de la pâtisserie française pour un dessert raffiné.",https://www.smore.com/app/reporting/button/yjm?u=https://www.smore.com/app/reporting/button/4l?u=https://www.smore.com/app/reporting/button/nt%3Fu%3Dhttps%253A%252F%252Frovakem.com%252Fgalette-frangipane%26t%3DVisitArticlew%3Dw-161880500479%26i%3D%26l%3D&t=OpenArticle&w=w-774471234289&i=&l=,2025-04-21T16:00:00,
Recette galette,https://i.postimg.cc/SNC7FbmD/24.png,dessert,,La galette à la frangipane est le dessert parfait pour célébrer les fêtes avec une touche de gourmandise.,https://www.smore.com/app/reporting/button/50?u=https://www.smore.com/app/reporting/button/20?u=https://www.smore.com/app/reporting/button/p80%3Fu%3Dhttps%253A%252F%252Frovakem.com%252Fgalette-frangipane%26t%3DVisitArticlew%3Dw-123034885153%26i%3D%26l%3D&t=OpenArticle&w=w-741424370829&i=&l=,2025-04-22T16:00:00,
Galette parfumée,https://i.postimg.cc/vHJ93q9f/3.png,dessert,,"Apprenez à réaliser la galette des rois à la frangipane, une pâte feuilletée légère et une crème d’amande exquise.",https://www.smore.com/app/reporting/button/el?u=https://www.smore.com/app/reporting/button/b6l?u=https://www.smore.com/app/reporting/button/r6s%3Fu%3Dhttps%253A%252F%252Frovakem.com%252Fgalette-frangipane%26t%3DVisitArticlew%3Dw-878483511180%26i%3D%26l%3D&t=OpenArticle&w=w-409373445786&i=&l=,2025-04-23T16:00:00,
Galette française,https://i.postimg.cc/qqYnfQFf/4.png,dessert,,"Une galette frangipane facile à faire, mais tellement savoureuse, idéale pour un dessert festif à partager.",https://www.smore.com/app/reporting/button/52b?u=https://www.smore.com/app/reporting/button/ny?u=https://www.smore.com/app/reporting/button/u59%3Fu%3Dhttps%253A%252F%252Frovakem.com%252Fgalette-frangipane%26t%3DVisitArticlew%3Dw-271188299634%26i%3D%26l%3D&t=OpenArticle&w=w-278737010843&i=&l=,2025-04-24T16:00:00,
Galette classique,https://i.postimg.cc/P51DcWzc/5.png,dessert,,"La galette frangipane maison est un véritable délice qui fond en bouche, parfaite pour toute occasion.",https://www.smore.com/app/reporting/button/7z?u=https://www.smore.com/app/reporting/button/ojn?u=https://www.smore.com/app/reporting/button/pn%3Fu%3Dhttps%253A%252F%252Frovakem.com%252Fgalette-frangipane%26t%3DVisitArticlew%3Dw-939533409225%26i%3D%26l%3D&t=OpenArticle&w=w-769807312410&i=&l=,2025-04-25T16:00:00,
Galette traditionnelle,https://i.postimg.cc/g0DZcG7H/6.png,dessert,,"Cuisinez cette galette des rois à la frangipane, un dessert traditionnel aux saveurs d’amande et de pâte feuilletée.",https://www.smore.com/app/reporting/button/sy?u=https://www.smore.com/app/reporting/button/fs?u=https://www.smore.com/app/reporting/button/998%3Fu%3Dhttps%253A%252F%252Frovakem.com%252Fgalette-frangipane%26t%3DVisitArticlew%3Dw-895448429117%26i%3D%26l%3D&t=OpenArticle&w=w-916247172280&i=&l=,2025-04-26T16:00:00,
Galette à la crème,https://i.postimg.cc/FKmSQYTK/7.png,dessert,,Galette frangipane maison : une recette incontournable pour vos fêtes de fin d’année et autres célébrations.,https://www.smore.com/app/reporting/button/c6?u=https://www.smore.com/app/reporting/button/zs?u=https://www.smore.com/app/reporting/button/ag%3Fu%3Dhttps%253A%252F%252Frovakem.com%252Fgalette-frangipane%26t%3DVisitArticlew%3Dw-355082591532%26i%3D%26l%3D&t=OpenArticle&w=w-436027979650&i=&l=,2025-04-27T16:00:00,
Galette au beurre,https://i.postimg.cc/pTLnpgbb/8.png,dessert,,"Découvrez la galette à la frangipane, une pâtisserie simple à préparer, mais incroyablement savoureuse.",https://www.smore.com/app/reporting/button/3i?u=https://www.smore.com/app/reporting/button/hmm?u=https://www.smore.com/app/reporting/button/h9%3Fu%3Dhttps%253A%252F%252Frovakem.com%252Fgalette-frangipane%26t%3DVisitArticlew%3Dw-814007791806%26i%3D%26l%3D&t=OpenArticle&w=w-939068514790&i=&l=,2025-04-28T16:00:00,
Fr Galette frangipane,https://i.postimg.cc/bJVSb3pG/9.png,dessert,,"Pour vos repas festifs, réalisez une galette des rois à la frangipane maison, un dessert raffiné et délicieux.",https://www.smore.com/app/reporting/button/d5m?u=https://www.smore.com/app/reporting/button/x8?u=https://www.smore.com/app/reporting/button/339%3Fu%3Dhttps%253A%252F%252Frovakem.com%252Fgalette-frangipane%26t%3DVisitArticlew%3Dw-257998529524%26i%3D%26l%3D&t=OpenArticle&w=w-939989238630&i=&l=,2025-04-29T16:00:00,